Categoría,Imagen,Sku,Título,Descripción,Costo,Dimensiones,Peso
LABORATORIO,,E4-1K-40,LIMPIADOR ULTRASONICO DIGITAL,"Tina ultrasonica de 2.5 L para proceso de limpieza y desinfecciòn de instrumental dental por medio de ondas y vibraciones. Potencia de 160V, cinco ciclos de limpieza de 8 minutos con temporizador digítal, función de agua caliente y desagüe.","$3,188.00","28,8 x 22,2 x 17,5cm","2,5kg"
LABORATORIO,,E36-1K-1,OLLA A PRESION P/ELIMINAR BURBUJAS ACCIONADA C/AGUA,"● Voltaje: 220V, Potencia: 65W, Corriente: 0.1A, Tamaño: 21*15*19CM, Tamaño del forro interior: 10*9cm, Peso neto: 3,4 KG, Presión máxima: 4 KG/CM","$11,025.00",32*29*25,4kg
LABORATORIO,,E4-1K-1,ARENADOR KINGDEN,"● Voltaje: 110V/50HZ, 15W, presión:4kg partícula de arena: 100- 120. MOD DE USO: 1.Inserte firmemente cada junta de tubería. 2.Inserte el cable de alimentación y el tubo del interruptor en las tomas correspondientes 3.Desatornille la tapa del recipiente de arena y vierta la arena hasta la mitad de la altura del recipiente. No entierre el tubo de chorro de arena, de lo contrario afectará el efecto de voladura y bloqueará la trayectoria del gas.","$6,525.00",48*48*36,5.5gr
LABORATORIO,,E4-1K-3,ARENADOR KINGDEN DE ALTO PULIDO,"● Equipo para pulido y limpieza con chorro de arena. Voltaje de 220V / 50HZ, rango de ajuste de presión: 0 ~ 0.65MPa, presión de trabajo 0,4~0.6 Mpa","$5,850.00","38,1 x 30,48 x 50,8 cm",24 kg
LABORATORIO,,E16-1K-1,MAQUINA ASPIRADORA KINGDEN DE LABORATORIO,"● Fácil cambio, filtro fino que impide micropartículas, aspiración por potente, motor recubierto por placas de aislamiento y reduce al mínimo el ruido. Aspiración regulable para flujo exacto en cada puesto de trabajo, hasta 2 puestos de trabajo máximo 2 bocas de aspiración simultáneas como para arenadoras que requieran de un sistema de aspiración.","$3,915.00",31*31*47.3,3kg
LABORATORIO,,E21-1K-2,RECORTADORA DE YESO KINGDEN MOD 450-40,"● Voltaje:110V, potencia:100W, velocidad del motor: 5500 rotaciones x seg, dimensiones externas: 25*21*30cm, peso total:4.5 kg","$4,028.00",29.4X17.9X19.4 cm,3.95kg
LABORATORIO,,E21-1K-1,PERFORADORA KINGDEN MODELOS DE YESO PINDEX MOD 450-39,"●100W, vel: 5500 rotaciones por segundo, dims externas:16*16*33 cm, para colocal dawells (pines) de cualquier modelo con alta presición, el nivel de profundidad regulable, el cambio de fresas sencillo, autoprotección automática cuando se sobrecarga, alta precisión y sistema de refrigeración automático, autoprotección automática.","$5,850.00",16 * 16 * 33cm,5kg
LABORATORIO,,E26-1K-1,VACUUM KINGDEN AZUL,"● Gire la cubierta superior 90°, coloque el diafragma requerido entre el marco superior e inferior y tire de la plananca de bola para apretarlo, coloque el producto envasado (modelo) en el centro de la placa de malla, encienda el interruptor de calefacción y caliente el diafragma. Cuando el diafragma se caliente y el nivel de éste sea inferior al plano del marco","$2,790.00",30*20*21cm,5kg
LABORATORIO,,E26-1K-1B,VACUUM KINGDEN BLANCO,"● Cubierta superior a 90°, plananca de bola para apretarlo, placa de malla, interruptor de calefacción y caliente el diafragma. Cuando el diafragma se caliente y el nivel de éste sea inferior al plano del marco","$2,790.00",30*20*21cm,5kg
LABORATORIO,,I133-1K-1,PRENSA KINGDEN MEDIANA + 2 MUFLAS DE BRONCE,"● Fundición de bronce especial de alta resistencia al manganeso. Una llave y asa de sujeción que permiten la facil colocación y retiro de las ollas o frascos. Latón forjado al interior y exterior. Pernos de acero inoxidable, alinean de forma segura y precisa las secciones del matraz.","$3,803.00",20*15.5*14,5kg
LABORATORIO,,I95-1K-2,MUFLA P/DUPLICAR KINGDEN DE BRONCE UNIVERSAL,"● Bronce de alta calidad, posee mayor resistencia mecánica.",$539.00,9.5*5.5,1kg
LABORATORIO,,I95-1K-1,MUFLA P/ENFRASCAR KINGDEN DE BRONCE TOTAL,"● Bronce de alta calidad, posee mayor resistencia mecánica.",$750.00,3X10X9.5 cm,1.22kg
LABORATORIO,,E19-1K-1,PARALELOMETRO KINGDEN ARTICULADO,"● De escritorio para la operación de pulido mecánico, con la mesa mecánica ya no se tiene que recoge el polvo y cuenta con instalación de los amortiguadores izquierdo y derecho. El tubo ya no está fijado a la mesa a lo largo del puerto de succión, y puede ser transferido en cualquier momento a otros equipos.","$3,319.00",33*25*11,4gr
LABORATORIO,,E11-1K-1,CENTRIFUGA KINGDEN DE FUNDICION,"● La máquina de centrifugado o centrífuga manual está montada sobre rodamientos de alta eficiencia, con 4 bases y tambor protector.","$3,319.00",9.5-24-22,7kg
LABORATORIO,,E6-1K-1,ESPATULA ELECTRICA KINGDEN DOBLE P/CERA,"● Doble cuchillo de cera eléctrico, para trabajos simultaneos de tallado y modelado. Ajuste de temperatura de 50-200°C. Incluye 6 puntas de trabajo, 2 circuitos de trabajo. Trabaja con un voltaje de 110V-240V y potencia de 50W.","$1,687.00","20,7 x 16,1 x 8,5 cm",735 g
LABORATORIO,,E23-1-47,SOPLETE BUNSEN KINGDEN DOBLE TUBO P/LABORATORIO,"● Lámpara, mechero/bunsen de gas propano rotativa de doble tubo de salida, con sistema de control de válvulas. Elaborada de acero de alta resistencia.",$513.00,12.0*11*6,45 gr
LABORATORIO,,E23-1-45,SOPLETE P/LABORATORIO DE GAS,"● Voltaje: 110 V/60Hz, potencia: 50 W, Selección de temperatura: 50°C-200°C",$394.00,10.5*7.7*7.7 cm,24gr
LABORATORIO,,E25-1K-2,VIBRADOR KINGDEN CIRCULAR,"● Potencia:100W, dimensiones externas:14*15*11 cm, Peso total:1.7 kg","$1,103.00",10*14*14 cm,1.90 kg
LABORATORIO,,E25-1K-1,VIBRADOR KINGDEN RECTANGULAR,Potencia:150W●Carga máxima:3 kg●24*18*10cm●Crea oscilaciones verticales exclusivamene en el plano de trabajo●Mejora la terminación y el compactado al evitar la formación de burbujas●La frecuencia de vibración se regula en forma gradual en niveles.,"$3,015.00",8*20.3*15.4 cm,3.43 kg
LABORATORIO,,E18-1K-7,CAJA P/REVELADO KINGDEN,"● Está hecho de plástico de alta calidad, resistente a la corrosión y duradero. Creemos que debido al rendimiento. Los componentes, con excelente resistencia a la corrosión y fuerza, luz cualitativa fácil de mover, se pueden utilizar en cualquier mesa sólida. Excelente rendimiento: el cuarto oscuro de película de rayos X presenta un rendimiento confiable, una operación simple y un mantenimiento conveniente, lo que puede hacer que se sienta seguro del producto.","$3,523.00",29*35*34,3kg
LABORATORIO,,E16-1K-16,MICROMOTOR C/LUZ Y ASPIRADOR,"●Iluminación omnidireccional de 360 °: la lámpara puede girar 360 ° libremente para iluminar diferentes direcciones. ● Hasta 25000 rpm ●Filtro fino: aspiradora con filtro tipo pull, fácil de limpiar.","$1,980.00",27.5*19.5*7.5,1KG
LABORATORIO,,E16-1K-20,MICROMOTOR STRONG 204/102L P/LABORATORIO,"●Micromotor Dental Strong 204, Función de regulación manual de velocidad continua, Ajustable 0-35000 rpm a cualquier velocidad, Puede seleccionar el modo de trabajo positivo / inverso. Puede seleccionar el control manual / pedal.","$1,980.00",8.5*10.5*13 cm,2kg
LABORATORIO,,E16-1K-25,PIEZA DE MANO P/MICROMOTOR KINGDEN ESTUDIANTIL TIPO 102,"● 0-35000 rev/min, Vibración leve, con estructura interna que permite circulación de aire y un ventilador que evita el calentamiento. Tiene muelle protector de tres cilindros y cubierta a prueba de polvo que extiende la vida útil del muelle de tres lóbulos y el cojinete, Para mayor estabilidad en trabajos finos, la parte frontal es de acero inoxidable.","$1,998.00",16.4*1.2*2.3,23g
LABORATORIO,,E16-1K-27,PIEZA DE MANO P/MICROMOTOR KINGDEN P/LABORATORIO TIPO 102L,"● 0-35000 rev/min, Vibración leve, con estructura interna que permite circulación de aire y un ventilador que evita el calentamiento. Tiene muelle protector de tres cilindros y cubierta a prueba de polvo que extiende la vida útil del muelle de tres lóbulos y el cojinete, Para mayor estabilidad en trabajos finos, la parte frontal es de acero inoxidable.","$1,678.00",16.4*1.2*2.3,23g
LABORATORIO,,E16-1K-28,PIEZA DE MANO P/MICROMOTOR KINGDEN QUIRURGICA TIPO 108E,"● 0-35000 rev/min, Vibración leve, con estructura interna que permite circulación de aire y un ventilador que evita el calentamiento. Tiene muelle protector de tres cilindros y cubierta a prueba de polvo que extiende la vida útil del muelle de tres lóbulos y el cojinete, Para mayor estabilidad en trabajos finos, la parte frontal es de acero inoxidable.","$1,998.00",21*4.5*3cm,206g
LABORATORIO,,I8-1K-4,ARTICULADOR KINGDEN DE VISAGRA COMPLETO,"Instrumento de sostén, articulador de oclusión de bisagra",$180.00,8*6.5*10,18g
LABORATORIO,,I8-1K-6,ARTICULADOR KINGDEN DE VISAGRA MEDIANO,Articulador mediano con bisagra,$144.00,7.5*7.7*11,16g
LABORATORIO,,I8-1K-2,ARTICULADOR KINGDEN DE VISAGRA MAGICART,"● Articulador mecanico para fijar los dientes maxilares (superiores) y mandibulares (inferiores), reproducir las posiciones registradas de la mandíbula en relación con el maxilar, puede montar y eliminar de forma segura cualquier modelo de tamaño completo",$419.00,8*7*13,30gr
LABORATORIO,,I8-1K-11,ARTICULADOR KINGDEN P/ZOCALO RANURADO C/100,● Articulador para zocalos dentales de yeso.,$160.00,6.5*4.3*1,6gr
EQUIPO,,E12-1K-3,CAMARA INTRAORAL DENTAL KINGDEN WIFI C/BASE,"● camara para Endoscopia dental HD. Cámara oral con Respuesta rápida. Diseño portátil con señal WiFi remota y una apariencia simple, liviana y aerodinámica. Con cargador usb y base de soporte","$1,594.00",25*1.5*2,8gr
EQUIPO,,E9-1K-3,ESCARIADOR KINGDEN C/BOTE,"Lamáquina de limpieza dental ultrasónica ds7+ adopta un sistema de seguimiento de frecuencia totalmente automático. El producto puede realizar limpieza dental, salón de belleza y mascotas.","$6,500.00",40*15*30,3kg
EQUIPO,,E27-1K-2,MOTOR ELECTRICO KINGDEN P/PIEZA DE MANO 8078 PANTALLA TACTIL,"La velocidad máxima es de 40.000 RPM. El motor sin escobillas es más duradero. Control de pie del sillón dental con manos libres. • Perfectamente conectado con el sistema del sillón dental. Compatible con contraángulo 1:1, 1:5 y 16:1. La conexión de enchufe y enchufe es fácil de montar. La intensidad de 32.000 LUX ofrece una excelente visión de funcionamiento.","$19,000.00",24. 8cm*31.1cm*8.7cm,"1,66kg"
EQUIPO,,E14-1K-2,LAMPARA DE LUZ LED KINGDEN P/FOTOCURAR,● Modo de blanqueamiento de hasta 30 minutos. Modo de fotocurado fuerte: 5s-40s ajustable. Potencia de luz de más de 1700mw/c㎡. Tiempo de solidificación y profundidad：5s/3mm. Guía de luz de vidrio de alta transparencia. LED de potencia alta de 5W,"$1,400.00",14*7.4*6.8,186gr
EQUIPO,,E14-1K-3,LAMPARA P/FOTOCURAR KINGDEN MOD. LED-B 4 ETAPAS 1-10 SEG,"● Lampára de fotocurado de plastico de alta calidad inalambrica, con base de carga, guia de luz y filtro UV. Con tiempo de trabajo ajustable de 5 a 40 seg","$1,000.00",31cm x 34cm x 260cm.,150 g
EQUIPO,,E14-1K-50,PANTALLA PROTECTORA LED HALOGENA,● Pantalla protectora de luz LED,$85.00,24*12.5*0.3,7gr
EQUIPO,,E14-1K-18,PANTALLA PROTECTORA P/LAMPARA FILTRO UV,"●Pantalla con filtro para lámpara de fotocurado compatible con
cualquier fibra",$54.00,7.3X6.3cm,5gr
EQUIPO,,E13-1K-8,LUPA DE MANO KINGDEN C/AUMENTO Y LUZ LED,● Lupa de mano con aumento y luz LED,$85.00,18.5*8*1.5,100gr
EQUIPO,,KIN-16N,ESTERILIZADOR A VAPOR KINGDEN CLASE N AZUL 16L,"110V/60HZ,16L","$18,000.00",51*45*39,30kg
EQUIPO,,KIN-18N,ESTERILIZADOR A VAPOR KINGDEN CLASE N AZUL 18L,"110V/60HZ,18L","$19,375.00",42*38*52,45kg
EQUIPO,,KIN-23N,ESTERILIZADOR A VAPOR KINGDEN CLASE N AZUL 23L,110V/60HZ 23L,"$24,750.00",62*43*38,50kg
INSTRUMENTAL,,I47-1K-SC1,CONTRASTE KINGDEN PALATAL NEGRO SC1 FLEXIBLE,"● Autoclavable, caucho de plástico de grado médico no alérgico, suave se plegable 30° opaco y sin reflejos #2 Contraste de Foto Lingual/Bucal",$450.00,22*6.5*0.2,76gr
INSTRUMENTAL,,I47-1K-SC2,CONTRASTE KINGDEN VESTIBULAR NEGRO SC2 FLEXIBLE,"● Autoclavable, caucho de plástico de grado médico no alérgico, suave se plegable 30° opaco y sin reflejos #2 Contraste de Foto Lingual/Bucal",$450.00,18.8*7.9*0.2,35GR
INSTRUMENTAL,,I137-1K-1B,RETRACTOR KINGDEN DOS VIAS NEGRO ADULTO,"● Retractor de 2 paletas para cada extremo, diseñado para retraer mejillas y carrillos, empleado como auxiliar en la toma de fotografías intra y extraorales.",$148.00,16.5*4*1.6,20gr
INSTRUMENTAL,,I137-1K-1A,RETRACTOR KINGDEN DOS VIAS NEGRO INFANTIL,"● Retractor de 2 paletas para cada extremo, diseñado para retraer mejillas y carrillos, empleado como auxiliar en la toma de fotografías intra y extraorales.",$148.00,14.5*4*1.3,12gr
INSTRUMENTAL,,I137-1K-2B,RETRACTOR KINGDEN DOS VIAS BLANCO ADULTO,"● -Forma oval para fotografia frontal
-Forma < para fotografia latera",$250.00,16.5*4*1.6,20gr
INSTRUMENTAL,,I1-1K-5C,RETRACTOR KINGDEN DE PLASTICO PEQUEÑO CON ASA,● Ayuda a proporcionar un campo de visión más amplio para infantil,$60.00,17.7*1.7*9.4,21gr
INSTRUMENTAL,,I1-1K-7B,RETRACTOR KINGDEN DE PLASTICO 3D ORTODONCIA ADULTO,● Ayuda a proporcionar un campo de visión más amplio,$120.00,10.8*7.3*2.6,10gr
INSTRUMENTAL,,I1-1K-7A,RETRACTOR KINGDEN DE PLASTICO 3D ORTODONCIA PEQUEÑO,"● Ayuda a proporcionar un campo de visión más amplio, para infantil",$120.00,10.4*6.7*2.2,9gr
INSTRUMENTAL,,I1-1K-3B,RETRACTOR KINGDEN DE PLÁSTICO BLANCO EN FORMA DE O,● Ayuda a proporcionar un campo de visión más amplio,$46.00,7.4*7.7*0.9,6gr
INSTRUMENTAL,,I1-1K-3C,RETRACTOR KINGDEN DE PLÁSTICO AZUL EN FORMA DE O,● Ayuda a proporcionar un campo de visión más amplio,$46.00,7.4*7.7*0.9,6gr
INSTRUMENTAL,,I137-1K-4B,RETRACTOR KINGDEN DE PLASTICO CHICO FORMA EN C,● Ayuda a proporcionar un campo de visión más amplio,$30.00,9.5*3.5*6.7,8gr
INSTRUMENTAL,,I137-1K-4D,RETRACTOR KINGDEN DE PLASTICO GRANDE FORMA EN C,● Ayuda a proporcionar un campo de visión más amplio,$30.00,13.5*4.7*8.5,13gr
INSTRUMENTAL,,I137-1K-4C,RETRACTOR KINGDEN DE PLASTICO MEDIANO FORMA EN C,● Ayuda a proporcionar un campo de visión más amplio,$30.00,11.7*3.8*8.2,9gr
INSTRUMENTAL,,I6-1K-4A,ARCO DE YOUNG AZUL KINGDEN C/BISAGRA,● Ayuda a proporcionar un campo de visión más amplio,$75.00,14.19.8*1.3,29gr
INSTRUMENTAL,,I6-1K-4K,ARCO DE YOUNG LILA KINGDEN C/BISAGRA,● Ayuda a proporcionar un campo de visión más amplio,$75.00,14.19.8*1.3,29gr
INSTRUMENTAL,,I6-1K-4H,ARCO DE YOUNG NEGRO KINGDEN C/BISAGRA,● Ayuda a proporcionar un campo de visión más amplio,$75.00,14.19.8*1.3,29gr
INSTRUMENTAL,,I6-1K-4D,ARCO DE YOUNG VERDE KINGDEN C/BISAGRA,● Ayuda a proporcionar un campo de visión más amplio,$75.00,14.19.8*1.3,29gr
INSTRUMENTAL,,I6-1K-2C,ARCO DE YOUNG KINGDEN FIBRA DE CARBONO GRANDE,"● Sujeta el dique de hule, auxiliar en los tratamientos de opetaroria y endodoncia, creando un aislamiento absoluto en el diente a tratar.",$30.00,14.3*14.5*0.7,11gr
INSTRUMENTAL,,I6-1K-6C,ARCO DE YOUNG KINGDEN METALICO GRANDE,● Ayuda a proporcionar un campo de visión más amplio,$70.00,13.6*12.7*0.3,26gr
INSTRUMENTAL,,I6-1K-6B,ARCO DE YOUNG KINGDEN METALICO MEDIANO,● Ayuda a proporcionar un campo de visión más amplio,$70.00,11.2*9.2*0.3,16gr
INSTRUMENTAL,,I6-1K-6A,ARCO DE YOUNG KINGDEN METALICO CHICO,● Ayuda a proporcionar un campo de visión más amplio,$70.00,8.9*8.8*0.3,14gr
INSTRUMENTAL,,I25-1K-2,ADAPTADOR KINGDEN P/PIEZA DE ALTA C/10,"Es un accesorio esencial en la consulta dental, ya que permite utilizar fresas de alta velocidad en piezas de mano de baja (contra-ángulo o micromotor). Fabricado con materiales de alta durabilidad y precisión, es ideal para prácticas generales, laboratorio o procedimientos clínicos.",$390.00,4.9*7.2*2,27gr
INSTRUMENTAL,,I45-1K-3,ESPATULA KINGDEN DE LE-CRON,● Instrumental espátula de le-cron,$45.00,2*23.2,20gr
INSTRUMENTAL,,I45-1K-1,ESPATULA KINGDEN P/CEMENTO DOBLE,"● Instrumental espátula para cemento, doble",$45.00,2*23.2,22gr
INSTRUMENTAL,,I20-1K-1,CALIBRADOR IWANSON P/METAL KINGDEN,● Calibrador para metal,$120.00,7.9*15.8*2,25gr
INSTRUMENTAL,,I115-1K-6X,PINCEL P/PORCELANA KINGDEN ECO C/5,"● Madera, cerdas de nylon , cabeza plana, aprox. 17,8 cm, ancho de la cabeza: 5mm/6mm/7mm/8mm/9mm. 1. Cada cepillo está protegido por un tubo de plástico transparente. 2. Las pinturas del portalápices a través del procesamiento profesional no se caen y se desvanecen al sumergirse en el agua. 3. Adecuado para uso profesional o uso doméstico. 4. Fácil de manejar y operar. 
5. Herramientas perfectas especialmente diseñadas para el trabajo de laboratorio dental. 6.Ideal para dibujar líneas y dibujo fino en puntas de uñas. 7. Peso ligero, tamaño compacto, conveniente para transportar y almacenar. 8. 5 unidades/juego.",$300.00,4.5*22.7*2,24gr
INSTRUMENTAL,,I22-1K-25,CANULA DE REPUESTO KINGDEN P/IRRIGADOR C/4,● Canula,$52.00,6*12.8*2,9gr
INSTRUMENTAL,,I70-1K-2,GANCHO KINGDEN RAY SNAP RHIN,● Ideal para toma de radiografías periapicales en anteriores y posteriores. Angulacion de 70° en la parte cuerva para Rx. de dientes anteriores.,$85.00,11.9*2.6*1.2,17gr
INSTRUMENTAL,,I70-1K-3,GANCHO ENDO RAY KINGDEN C/3,● Ideal para toma de radiografías.,$250.00,10.5*4.1*7.7,75gr
INSTRUMENTAL,,I70-1K-1,COLIMADORES XCP KINGDEN,● Para crear imágenes sin distorsión y con detalles. El FPS 3000 hace la guía para las radiografías más fácil. Puede ser utilizado para todas las radiografías intraoral dental con películas de tamaño #0 #1 #2 #3. Autoclavable,$578.00,24.4*34*4.2,25gr
INSTRUMENTAL,,I19-1K-13K,CASSETTE KINGDEN ACERO C/TAPA 8,● Caja para instrumental,$250.00,21.1*4.3*12.3,344gr
INSTRUMENTAL,,I19-1K-13M,CASSETTE KINGDEN ACERO C/TAPA 9,● Caja para instrumental,$280.00,24 x 16 x 5cm,800gr
INSTRUMENTAL,,I138-1K-10,CHAROLA METAL KINGDEN GRANDE LISA,"● Bordes redondeados y lisos, ahorro de espacio, acero inoxidable. 1/4 LT",$100.00,22.4*11.7*2,128gr
INSTRUMENTAL,,I138-1K-1B,RIÑON DE METAL KINGDEN PLANO MEDIANO,"● Bordes redondeados, lisos, acero inoxidable. 1/2 LT",$150.00,10.9*18*2,83gr
INSTRUMENTAL,,I138-1K-1A,RIÑON DE METAL KINGDEN PLANO GRANDE,"● Bordes redondeados y lisos, ahorro de espacio, acero inoxidable.",$170.00,12.6*19.5*2,156gr
INSTRUMENTAL,,I138-1K-3,RIÑON DE METAL KINGDEN CHICO,"● Bordes redondeados, lisos, acero inoxidable. 1/4 LT",$88.00,17.5 x 7.5 x 3cm,400gr
INSTRUMENTAL,,I73-1K-11,GODETE DE SILICON KINGDEN #1 PZA,● Godete de silicón para mezcla,$12.00,12.21*9.1*3.4,9
INSTRUMENTAL,,I73-1K-13,GODETE DE SILICON KINGDEN #1.5 PZA,● Godete de silicón para mezcla,$12.00,12.21*9.1*4.5,11
INSTRUMENTAL,,I73-1K-40B,GODETE KINGDEN DE CRISTAL OCTOGONAL AZUL,"●Fabricado de vidrio, cómodo al espacio de la charola para instrumental, para la colocación de líquidos y pastas dentales.",$10.00,3.2*3.2*0.3,32gr
INSTRUMENTAL,,I73-1K-40F,GODETE KINGDEN DE CRISTAL OCTOGONAL MORADO,"●Fabricado de vidrio, cómodo al espacio de la charola para instrumental, para la colocación de líquidos y pastas dentales.",$10.00,3.2*3.2*0.3,32gr
INSTRUMENTAL,,I73-1K-40G,GODETE KINGDEN DE CRISTAL OCTOGONAL NEGRO,"●Fabricado de vidrio, cómodo al espacio de la charola para instrumental, para la colocación de líquidos y pastas dentales.",$10.00,3.2*3.2*0.3,32gr
INSTRUMENTAL,,I73-1K-40H,GODETE KINGDEN DE CRISTAL OCTOGONAL ROJO,"●Fabricado de vidrio, cómodo al espacio de la charola para instrumental, para la colocación de líquidos y pastas dentales.",$10.00,3.2*3.2*0.3,32gr
INSTRUMENTAL,,I73-1K-40C,GODETE KINGDEN DE CRISTAL OCTOGONAL ROSA,"●Fabricado de vidrio, cómodo al espacio de la charola para instrumental, para la colocación de líquidos y pastas dentales.",$10.00,3.2*3.2*0.3,32gr
INSTRUMENTAL,,I73-1K-40D,GODETE KINGDEN DE CRISTAL OCTOGONAL TRANSPARENTE,"●Fabricado de vidrio, cómodo al espacio de la charola para instrumental, para la colocación de líquidos y pastas dentales.",$10.00,3.2*3.2*0.3,32gr
INSTRUMENTAL,,I73-1K-40E,GODETE KINGDEN DE CRISTAL OCTOGONAL VERDE,"●Fabricado de vidrio, cómodo al espacio de la charola para instrumental, para la colocación de líquidos y pastas dentales.",$10.00,3.2*3.2*0.3,32gr
INSTRUMENTAL,,I83-1K-5,GOOGLE DE PROTECCION TRANS ANTIEMPAÑANTE,"● Para trabajos de riesgo moderado, adaptable, policarbonato, con marco de PVC. Resistentes, borde suave, ajustables y comodos, su diseño de ventilación evita el empañamiento de los lentes.",$60.00,15*7*2.5,61gr
INSTRUMENTAL,,I83-1K-1N,LENTE P/PROTECCION KINGDEN NEGRO,"● útiles para proteger los ojos durante trabajos de riesgo moderado, adaptable",$46.00,15.5*5.3*2,40gr
INSTRUMENTAL,,I83-1K-1A,LENTE P/PROTECCION KINGDEN AMARILLO,"● útiles para proteger los ojos durante trabajos de riesgo moderado, adaptable",$46.00,15.5*5.3*2,40gr
INSTRUMENTAL,,I83-1K-1V,LENTE P/PROTECCION KINGDEN VERDE,"● útiles para proteger los ojos durante trabajos de riesgo moderado, adaptable",$46.00,15.5*5.3*2,40gr
INSTRUMENTAL,,I128-1K-10,PORTA IMPRESION KINGDEN PLASTICO JGO C/10,● Juego con 10 piezas,$103.00,20.5*21.9*2,83gr
INSTRUMENTAL,,I60-1K-1,FORMADOR KINGDEN P/MODELOS ZOCALOS JGO C/6,● Juego con 6 piezas,$92.00,13.5*24*2,200gr
INSTRUMENTAL,,I132-1K-1,PORTA ROLLOS P/ALGODON KINGDEN PZA,● Soporte para algodon. Este ayuda mejor soporte en la boca,$10.00,12.7*19.2*2,6gr
MATERIAL,,I21-1K-1,PUNTAS INTRAORALES KINGDEN AMARILLAS C/100,"● Punta dispensadora fabricada en plástico de alta calidad, angulada, adaptable",$250.00,11.58*2,10gr
MATERIAL,,I22-1K-6,CANULA MEZCLADORA KINGDEN AZUL P/PROTEMP C/50,"● Puntas homogéneas, manejo sencillo. Dispensa solo la cantidad de material necesaria.",$325.00,15.8*23.5*2,121gr
MATERIAL,,I22-1K-20,CANULA MEZCLADORA KINGDEN NEGRO P/CORE C/50,"● Puntas homogéneas, manejo sencillo. Dispensa solo la cantidad de material necesaria.",$325.00,13.2*13.4*2,54gr
MATERIAL,,I114-1K-1,PISTOLA KINGDEN P/COMPULES,● Dispensador de compul hecha de de plástico,$226.00,15*11*3,54gr
MATERIAL,,M1-1K-2B,ACETATO P/GUARDA KINGDEN RIGIDO CUADRADO #0.40 C/20,"● Excelente propiedades de termoformado, resistencia a las fuerzas de oclusión, propiedades quimicas adecuadas que evitan
decoloración.",$169.00,12.8*12.8*2,468gr
MATERIAL,,M1-1K-3B,ACETATO P/GUARDA KINGDEN RIGIDO CUADRADO #0.60 C/15,"● Excelente propiedades de termoformado, resistencia a las fuerzas de oclusión, propiedades quimicas adecuadas que evitan
decoloración.",$169.00,12.8*12.8*2,468gr
MATERIAL,,M1-1K-4B,ACETATO P/GUARDA KINGDEN RIGIDO CUADRADO #0.80 C/10,"● Excelente propiedades de termoformado, resistencia a las fuerzas de oclusión, propiedades quimicas adecuadas que evitan
decoloración.",$169.00,12.8*12.8*2,468gr
MATERIAL,,M1-1K-12B,ACETATO P/GUARDA KINGDEN SUAVE CUADRADO #0.40 C/20,"● Excelente propiedades de termoformado, resistencia a las fuerzas de oclusión, propiedades quimicas adecuadas que evitan
decoloración.",$169.00,12.8*12.8*2,289gr
MATERIAL,,M50-1K-5,CINTA TESTIGO KINGDEN 12MMX50MM,● Cinta testigo kingden 12mmx50mm,$45.00,12*1.2,76gr
MATERIAL,,M50-1K-5A,CINTA TESTIGO KINGDEN 19MMX50MM,● Cinta testigo kingden 19mmx50mm,$50.00,12*1.9,120gr
PRACTICA,,D2-1K-11,1X10 DIENTE P/ENDODONCIA KINGDEN C/RAIZ JGO,● Modelo radicular para práctica endodóntica.,$450.00,12*17.1*2,15gr
PRACTICA,,D2-1K-2,1X28 MODELO DIDACTICO KINGDEN EN DADO 2X,"●Ampliador 2X 
●Equipo de enseñanza",$500.00,12.2*9.1*3.9,149gr
PRACTICA,,D2-1K-4,1X28 MODELO DIDACTICO KINGDEN 1.2X,"● Ampliador 1.2X, Equipo de enseñanza",$555.00,12.2*9.1*3.9,149gr
PRACTICA,,I150-1K-6,MODELO DIDACTICO KINGDEN IMPLANTOLOGIA Y PROTESIS,"●Ampliador 1.4X 
●Equipo de enseñanza",$460.00,10*9.7*6.8,188gr
PRACTICA,,I150-1K-7,MODELO DENTAL KINGDEN CARIES S/PATOLOGIAS,"●Ampliador 1.4X 
●Equipo de enseñanza",$437.00,10*8*6,198gr
PRACTICA,,I150-1K-5B,MODELO KINGDEN 1/4 DE ARCADA 3ER MOLAR IMPACTADO INF,"●Ampliador 1.3X 
●Equipo de enseñanza",$474.00,14*5.7*5.7,166gr
PRACTICA,,I150-1K-30,TIPODONTO KINGDEN DIDACTICO C/LENGUA GIGANTE,"●Ampliador 1.4X 
●Equipo de enseñanza",$450.00,22.8*16.7*11.8,741gr
PRACTICA,,I150-1-15,TIPODONTO KINGDEN DIDACTICO C/CEPILLO,"●Ampliador 1.4X 
●Equipo de enseñanza",$350.00,17.8*11.6*10.9,221gr
PRACTICA,,I150-1K-34,TIPODONTO KINGDEN C/BRACKET,"● Adecuado para educación dental, enseñanza de brackets, fácil de utilizar hecho de resina",$415.00,7.7*10*6.4,135gr
PRACTICA,,I150-1K-36,TIPODONTO KINGDEN MALA OCLUSION C/BRACKET,"● Adecuado para educación dental, enseñanza de brackets, fácil de utilizar hecho de resina",$712.00,7*6.7*7.9,155gr
PRACTICA,,I150-1-FE,TIPODONTO KINGDEN TIPO COLUMBIA 24 ENCIA BLANDA INFANTIL,"● Infantil con 24 dientes y enc í a blanda, fabricado con materiales de alta calidad. Podrá realizar prácticas como la colocación de coronas acero cromo, toma de impresiones y operatoria dental.",$850.00,6.5*7.6*12,290gr
PRACTICA,,I150-1-DP,TIPODONTO KINGDEN TIPO COLUMBIA 32 ENCIA BLANDA ADULTO,"● Adulto con 32 dientes y enc í a blanda, fabricado con materiales de alta calidad. Ú til para pr á cticas como toma de impresiones, operatoria, prótesis dental y ortodoncia.","$1,050.00",12*8.7*7,290gr
PRACTICA,,I150-1K-26,TIPODONTO KINGDEN TIPO NISSIN 24 ENCIA BLANDA INFANTIL,"● Adecuado para educación dental, enseñanza de brackets, fácil de utilizar hecho de resina",$680.00,6*8*10.5,290gr
PRACTICA,,I150-1K-40,CARODONTO KINGDEN,"● La cubierta de la cabeza hecha de material de resina transparente de alta resistencia. La boca está hecha de material de caucho biónico, con colores, sensación cercana a la piel humana, sensación cómoda y duradera.","$9,044.00",23*13*15.5,1kg
PRACTICA,,I150-1-CRA,CRANEO KINGDEN COLORIDO DESARMABLE,"● Colores para mostrar la forma y la conexión de varias piezas ó seas del cr á neo, de PVC ecol ó gico resistente, los surcos cerebelosos, foramen, protuberancias, se puede dividir en cubierta de cráneo, base de cráneo y mandíbula",$850.00,19.3*14.9*18.4,856gr
PRACTICA,,I150-1-CRAB,CRANEO KINGDEN BLANCO DESARMABLE,"● Blanco para mostrar la forma y la conexión de varias piezas ó seas del cr á neo, de PVC ecol ó gico resistente, los surcos cerebelosos, foramen, protuberancias, se puede dividir en cubierta de cráneo, base de cráneo y mandíbula",$800.00,19.3*14.9*18.4,816gr
PRACTICA,,M114-1K-5001,PIEL SINTETICA KINGDEN P/SUTURA DENTAL C/BASE REMOVIBLE 5001,● Modelo para ejercicio de sutura enseñanza,$226.00,20*14*3.5,259gr
PRACTICA,,M114-1K-5002,PIEL SINTETICA KINGDEN P/SUTURA DENTAL C/BASE FIJA 5002,● Modelo para ejercicio de sutura enseñanza,$220.00,19.8*14*3.7,265gr
PRACTICA,,M114-1K-6010,PIEL SINTETICA KINGDEN P/SUTURA GRANDE 6010,● Modelo para ejercicio de sutura enseñanza,$430.00,22.1*21*3,485gr
PRACTICA,,M114-1K-6001,PIEL SINTETICA KINGDEN P/SUTURA EN CAJA 6001,● Modelo para ejercicio de sutura enseñanza,$190.00,16.7*11.4*2.1,216gr
PRACTICA,,M114-1K-6002,PIEL SINTETICA KINGDEN S/HERIDA EN CAJA 6002,● Modelo para ejercicio de sutura enseñanza,$140.00,15.5*11.1*2,175gr
PRACTICA,,I13-1K-10,HOJA DE BISTURI KINGDEN #10,● Caja de bistirí con 100 piezas,$230.00,9.5*6.9*3,123gr
PRACTICA,,I13-1K-11,HOJA DE BISTURI KINGDEN #11,● Caja de bistirí con 100 piezas,$230.00,9.5*6.9*3,107gr
PRACTICA,,I13-1K-15,HOJA DE BISTURI KINGDEN #15,● Caja de bistirí con 100 piezas,$230.00,9.5*6.9*3,107gr
PRACTICA,,I13-1K-15C,HOJA DE BISTURI KINGDEN #15C,● Caja de bistirí con 100 piezas,$230.00,9.5*6.9*3,107gr
PRACTICA,,I13-1K-20,HOJA DE BISTURI KINGDEN #20,● Caja de bistirí con 100 piezas,$230.00,9.5*6.9*3,133gr
PRACTICA,,I13-1K-21,HOJA DE BISTURI KINGDEN #21,● Caja de bistirí con 100 piezas,$230.00,9.5*6.9*3,166gr
PRACTICA,,I13-1K-22,HOJA DE BISTURI KINGDEN #22,● Caja de bistirí con 100 piezas,$230.00,9.5*6.9*3,182gr
PRACTICA,,I13-1K-23,HOJA DE BISTURI KINGDEN #23,● Caja de bistirí con 100 piezas,$230.00,9.5*6.9*3,148gr
PRACTICA,,I13-1K-24,HOJA DE BISTURI KINGDEN #24,● Caja de bistirí con 100 piezas,$230.00,9.5*6.9*3,160gr
ENDODONCIA,,I135-1K-1A,CALIBRADOR P/PUNTAS DE GUTTAPERCHA KINGDEN,● Diseñado para medir las puntas de gutta percha,$91.00,10.5*6.8*0.3,7gr
ENDODONCIA,,I135-1K-1C,CALIBRADOR Y RECORTADOR DE GUTTAPERCHA KINGDEN,● Diseñado para medir las puntas de gutta percha y cortarlas,$135.00,7.2*4*1.5,38gr
ENDODONCIA,,I74-1K-4A,MINI-ENDO BLOCK KINGDEN CHICO,"● Instrumento con un sistema de medición rápida y que se utiliza para conoce la longitud de instrumentos endodónticos, tales como limas, puntas de papel y gutaperchas.",$80.00,9*3.4*2,20g
ORTODONCIA,,I1-1K-28C,ABREBOCA KINGDEN C/PROTECTOR LINGUAL GRANDE DER / IZQ + ESTUCHE,"● Mantiene abierta la boca del paciente durante un período de tiempo prolongado sin causar incomodidad.
Previene que la lengua o un cierre imprevisto de la boca causen contaminación. Protege la lengua de los instrumentos rotatorios.",$80.00,6*7.5*2.8,39gr
ORTODONCIA,,I1-1K-28B,ABREBOCA KINGDEN C/PROTECTOR LINGUAL MEDIANO DER / IZQ + ESTUCHE,● Mantiene abierta la boca del paciente durante un período de tiempo prolongado sin causar incomodidad. Previene que la lengua o un cierre imprevisto de la boca causen contaminación. Protege la lengua de los instrumentos rotatorios.,$80.00,6*7.5*2.8,35gr
ORTODONCIA,,I1-1K-28A,ABREBOCA KINGDEN C/PROTECTOR LINGUAL PEQUEÑO DER / IZQ + ESTUCHE,● Mantiene abierta la boca del paciente durante un período de tiempo prolongado sin causar incomodidad. Previene que la lengua o un cierre imprevisto de la boca causen contaminación. Protege la lengua de los instrumentos rotatorios.,$80.00,6*7.5*2.8,33gr
ORTODONCIA,,I1-1K-29D,ABREBOCAS KINGDEN MCKESSON JGO C/3,● Mantiene la boca del paciente durante el procedimiento evitando oncomodidad y contaminacion del campo de trabajo,$60.00,8.9*12*2,30gr
ORTODONCIA,,O27-1K-1A,GANCHO P/LIGA DE ORTODONCIA SURTIDO C/9,● Gancho para facilitar el manejo de ligas y retiro de estas en los brackets.,$45.00,6.5*4.5*2,5gr
ORTODONCIA,,E23-1-50,SOPLETE KINGDEN PORTATIL RECARGABLE,"● Soplete de gas butano, con una llama potente, la temperaturas altas. Con botón de bloqueo para lograr una llama continua sin mantener pulsado el botón de encendido todo el tiempo. La intensidad de llama ajustable se puede controlar fácilmente según sus necesidades en la parte inferior.",$350.00,16x8.5x6.5,186gr
DESECHABLE,,I19-1K-52B,CAJA ALMACEN KINGDEN TAPA AZUL TRANS,"● Caja para instrumental, organizadora o almacenaje, 20cm x 21cm x 31cm",$240.00,21*31*20,80gr
DESECHABLE,,I19-1K-52A,CAJA ALMACEN KINGDEN TAPA ROSA TRANS,"● Caja para instrumental, organizadora o almacenaje, 20cm x 21cm x 31cm",$240.00,21*31*20,80gr
DESECHABLE,,I19-1K-50A,CAJA PESCADORA KINGDEN PLASTICO 32X19X14 AZUL,"● Caja para instrumental, caja organizadora, caja de almacenaje",$95.00,32*19*14,55gr
DESECHABLE,,I19-1K-50P,CAJA PESCADORA KINGDEN PLASTICO 32X19X14 ROSA,"● Caja para instrumental, caja organizadora, caja de almacenaje",$95.00,32*19*14,55gr
DESECHABLE,,I19-1K-55,CAJA PESCADORA KINGDEN PLASTICO MINI,"● Caja para instrumental, caja organizadora",$80.00,19.5*1105*10,188gr
DESECHABLE,,I19-1K-10AZ,CASSETTE KINGDEN 10 INSTRUMENTOS AZUL,● Cassette de plástico autoclavable con capacidad para 10 instrumentos. Es ideal para mantener su instrumental ordenado.,$204.00,31.5*14.5*2.5,155gr
DESECHABLE,,I19-1K-31AM,CASSETTE KINGDEN CHICO AMARILLO,● Cassette de plástico autoclavable con capacidad para 10 instrumentos. Es ideal para mantener su instrumental ordenado.,$75.00,20.2*4.5*5,62gr
DESECHABLE,,I19-1K-31AC,CASSETTE KINGDEN CHICO AZUL CLARO,● Cassette de plástico autoclavable con capacidad para 4 instrumentos. Es ideal para mantener su instrumental ordenado.,$75.00,20.2*4.5*5,62gr
DESECHABLE,,I19-1K-31F,CASSETTE KINGDEN CHICO FUCSIA,● Cassette de plástico autoclavable con capacidad para 10 instrumentos. Es ideal para mantener su instrumental ordenado.,$75.00,20.2*4.5*5,62gr
DESECHABLE,,I19-1K-31R,CASSETTE KINGDEN CHICO ROSA,● Cassette de plástico autoclavable con capacidad para 10 instrumentos. Es ideal para mantener su instrumental ordenado.,$75.00,20.2*4.5*5,62gr
DESECHABLE,,I19-1K-31V,CASSETTE KINGDEN CHICO VERDE,● Cassette de plástico autoclavable con capacidad para 10 instrumentos. Es ideal para mantener su instrumental ordenado.,$75.00,20.2*4.5*5,62gr
DESECHABLE,,I19-1K-7A,CAJA KINGDEN P/RETENEDOR CLASICO MULTICOLOR C/30,● Caja de plástico para guardar y transportar los aparatos de ortodoncia.,$240.00,30*12*30cm,1kg
DESECHABLE,,I19-1K-16B,CAJA KINGDEN P/RETENEDOR DIENTE MULTICOLOR C/7,● Caja de plástico para guardar y transportar los aparatos de ortodoncia.,$230.00,27*22*3,253gr
DESECHABLE,,I19-1K-18,CAJA AMBAR P/RESINA KINGDEN,● Caja para trabajar Resina,$150.00,10*5.7*2,20gr
DESECHABLE,,M38-1K-1A,CEPILLO PROFILAXIS KINGDEN BROCHA COLOR AR C/100,● Para profilaxis AR,$216.00,9*6*3.3,123gr
DESECHABLE,,M38-1K-2A,CEPILLO PROFILAXIS KINGDEN CONTRANGULO PUNTA COLOR C/100,● Para profilaxis AR,$216.00,9*6*3.3,122gr
DESECHABLE,,I79-1K-1,PUNTAS P/JERINGA TRIPLE KINGDEN DESECHABLE BOLSA C/250,"Puntas para jeringa triple de plàstico, desechables, 1 jeringa de 3 vías",$284.00,22*17*4,289gr
DESECHABLE,,I79-1K-2,PUNTAS P/JERINGA TRIPLE KINGDEN DESECHABLE FRASCO C/250,"Puntas para jeringa triple de plàstico, desechables",$298.00,9.3*9.5*9.3,339gr
DESECHABLE,,M105-1K-3,MICRO APLICADOR KINGDEN SUPER FINO,● Bastoncillos de Algodón Duradero,$40.00,4.5*11*4*5,80gr
DESECHABLE,,M66-1K-2A,POPOTE DESECHABLE KINGDEN AMARILLO C/100,"● óptima succión mientras que mantienen su forma, suave y flexible para evitar la aspiración de tejidos mucosos, mejorando la seguridad y la comodidad. .5mm de diametro, 15 de largo, sin memoria. No toxico, uso medico. Material PVC",$75.00,21*21.5*5,363gr
DESECHABLE,,M66-1K-2AZ,POPOTE DESECHABLE KINGDEN AZUL C/100,"● óptima succión mientras que mantienen su forma, suave y flexible para evitar la aspiración de tejidos mucosos, mejorando la seguridad y la comodidad. .5mm de diametro, 15 de largo, sin memoria. No toxico, uso medico. Material PVC",$75.00,21*21.5*5,363gr
DESECHABLE,,M66-1K-2W,POPOTE DESECHABLE KINGDEN BLANCO C/100,"● óptima succión mientras que mantienen su forma, suave y flexible para evitar la aspiración de tejidos mucosos, mejorando la seguridad y la comodidad. .5mm de diametro, 15 de largo, sin memoria. No toxico, uso medico. Material PVC",$75.00,21*21.5*5,363gr
DESECHABLE,,M66-1K-2M,POPOTE DESECHABLE KINGDEN MORADO C/100,"● óptima succión mientras que mantienen su forma, suave y flexible para evitar la aspiración de tejidos mucosos, mejorando la seguridad y la comodidad. .5mm de diametro, 15 de largo, sin memoria. No toxico, uso medico. Material PVC",$75.00,21*21.5*5,363gr
DESECHABLE,,M66-1K-2R,POPOTE DESECHABLE KINGDEN ROJO C/100,"● óptima succión mientras que mantienen su forma, suave y flexible para evitar la aspiración de tejidos mucosos, mejorando la seguridad y la comodidad. .5mm de diametro, 15 de largo, sin memoria. No toxico, uso medico. Material PVC",$75.00,21*21.5*5,363gr
DESECHABLE,,M66-1K-2V,POPOTE DESECHABLE KINGDEN VERDE C/100,"● óptima succión mientras que mantienen su forma, suave y flexible para evitar la aspiración de tejidos mucosos, mejorando la seguridad y la comodidad. .5mm de diametro, 15 de largo, sin memoria. No toxico, uso medico. Material PVC",$75.00,21*21.5*5,363gr
DESECHABLE,,I22-1K-9,CANULAS QUIRUGICAS KINGDEN PLUS AZUL INTENSO C/25,● Canulas quirurgicas plus c/25 piezas,$125.00,15*20.8*2,85gr
DESECHABLE,,I22-1K-9B,CANULAS QUIRUGICAS KINGDEN PLUS AZUL CLARO C/25,● Canulas quirurgicas plus c/25 piezas,$125.00,11.5*23.5*2,78gr
DESECHABLE,,I22-1K-9E,CANULAS QUIRUGICAS KINGDEN PLUS BLANCA C/25,● Canulas quirurgicas plus c/25 piezas,$125.00,11.5*23.5*2,83gr
DESECHABLE,,M19-CAM-A4E,PAPEL DESECHABLE KINGDEN AMARILLO 10X50 C/500,"● Capa de vinil repelente para líquidos, doble hoja resistente más protección, variedad de color. Dos capas de papel y uno de plàstico.",$580.00,34*25.5*24.5,3.52kg
DESECHABLE,,M19-CAM-A4,PAPEL DESECHABLE KINGDEN AMARILLO 4X125 C/500,"● Capa de vinil repelente para líquidos, doble hoja resistente más protección, variedad de color. Dos capas de papel y uno de plàstico.",$490.00,34*25.5*24.5,3.52kg
DESECHABLE,,M19-CAM-B1E,PAPEL DESECHABLE KINGDEN AZUL 10X50 C/500,"● Capa de vinil repelente para líquidos, doble hoja resistente más protección, variedad de color. Dos capas de papel y uno de plàstico.",$580.00,34*25.5*24.5,3.52kg
DESECHABLE,,M19-CAM-B1,PAPEL DESECHABLE KINGDEN AZUL 4X125 C/500,"● Capa de vinil repelente para líquidos, doble hoja resistente más protección, variedad de color. Dos capas de papel y uno de plàstico.",$490.00,34*25.5*24.5,3.52kg
DESECHABLE,,M19-CAM-B2,PAPEL DESECHABLE KINGDEN AZUL INTENSO 4X125 C/500,"● Capa de vinil repelente para líquidos, doble hoja resistente más protección, variedad de color. Dos capas de papel y uno de plàstico.",$550.00,34*25.5*24.5,3.52kg
DESECHABLE,,M19-CAM-B8,PAPEL DESECHABLE KINGDEN BLANCO 4X125 C/500,"● Capa de vinil repelente para líquidos, doble hoja resistente más protección, variedad de color. Dos capas de papel y uno de plàstico.",$550.00,34*25.5*24.5,3.52kg
DESECHABLE,,M19-CAM-BE,PAPEL DESECHABLE KINGDEN BLANCO 10X50 C/500,"● Capa de vinil repelente para líquidos, doble hoja resistente más protección, variedad de color. Dos capas de papel y uno de plàstico.",$580.00,34*25.5*24.5,3.52kg
DESECHABLE,,M19-CAM-F4,PAPEL DESECHABLE KINGDEN ESTAMPADO 10X50 C/500,"● Capa de vinil repelente para líquidos, doble hoja resistente más protección, variedad de color. Una capa de papel y uno de plàstico.",$600.00,34*25.5*24.5,3.52kg
DESECHABLE,,M19-CAM-F1,PAPEL DESECHABLE KINGDEN ESTAMPADO 4X125 C/500,"● Capa de vinil repelente para líquidos, doble hoja resistente más protección, variedad de color. Una capa de papel y uno de plàstico.",$550.00,34*25.5*24.5,3.52kg
DESECHABLE,,M19-CAM-M35,PAPEL DESECHABLE KINGDEN MORADO 10X50 C/500,"● Capa de vinil repelente para líquidos, doble hoja resistente más protección, variedad de color. Dos capas de papel y uno de plàstico.",$580.00,34*25.5*24.5,3.52kg
DESECHABLE,,M19-CAM-M3,PAPEL DESECHABLE KINGDEN MORADO 4X125 C/500,"● Capa de vinil repelente para líquidos, doble hoja resistente más protección, variedad de color. Dos capas de papel y uno de plàstico.",$490.00,21.7*34.5*24.8,3.57kg
DESECHABLE,,M19-CAM-N6E,PAPEL DESECHABLE KINGDEN NARANJA 10X50 C/500,"● Capa de vinil repelente para líquidos, doble hoja resistente más protección, variedad de color. Dos capas de papel y uno de plàstico.",$580.00,34*25.5*24.5,3.52kg
DESECHABLE,,M19-CAM-N6,PAPEL DESECHABLE KINGDEN NARANJA 4X125 C/500,"● Capa de vinil repelente para líquidos, doble hoja resistente más protección, variedad de color. Dos capas de papel y uno de plàstico.",$490.00,21.7*34.5*24.8,3.57kg
DESECHABLE,,M19-CAM-N7E,PAPEL DESECHABLE KINGDEN NEGRO 10X50 C/500,"● Capa de vinil repelente para líquidos, doble hoja resistente más protección, variedad de color. Dos capas de papel y uno de plàstico.",$600.00,34*25.5*24.5,3.52kg
DESECHABLE,,M19-CAM-N7,PAPEL DESECHABLE KINGDEN NEGRO 4X125 C/500,"● Capa de vinil repelente para líquidos, doble hoja resistente más protección, variedad de color. Dos capas de papel y uno de plàstico.",$550.00,21.7*34.5*24.8,3.57kg
DESECHABLE,,M19-CAM-R55,PAPEL DESECHABLE KINGDEN ROSA 10X50 C/500,"● Capa de vinil repelente para líquidos, doble hoja resistente más protección, variedad de color. Dos capas de papel y uno de plàstico.",$580.00,21.7*34.5*24.8,3.57kg
DESECHABLE,,M19-CAM-R5,PAPEL DESECHABLE KINGDEN ROSA 4X125 C/500,"● Capa de vinil repelente para líquidos, doble hoja resistente más protección, variedad de color. Dos capas de papel y uno de plàstico.",$490.00,21.7*34.5*24.8,3.57kg
DESECHABLE,,M19-CAM-VE,PAPEL DESECHABLE KINGDEN VERDE 10X50 C/500,"● Capa de vinil repelente para líquidos, doble hoja resistente más protección, variedad de color. Dos capas de papel y uno de plàstico.",$580.00,21.7*34.5*24.8,3.57kg
DESECHABLE,,M19-CAM-V2,PAPEL DESECHABLE KINGDEN VERDE 4X125 C/500,"● Capa de vinil repelente para líquidos, doble hoja resistente más protección, variedad de color. Dos capas de papel y uno de plàstico.",$490.00,21.7*34.5*24.8,3.57kg
DESECHABLE,,M27-1K-50,BOLSA P/ESTERILIZAR KINGDEN 57X13CM C/200,● Para esterizar instrumental c/200 5.7x13cm,$90.00,13.7*5.8*5.8,189gr
DESECHABLE,,M27-1K-53,BOLSA P/ESTERILIZAR KINGDEN 7X2.6CM C/200,● Para esterizar instrumental c/200 7x2.6cm,$160.00,26*7.7*7.7,440gr
DESECHABLE,,M27-1K-20,PELICULA PROTECTORA KINGDEN P/SUPERFICIES EN ROLLO,"● La película de barrera se utiliza para proteger objetos o instrumentos que son difíciles de proteger, limpiar y desinfectar y reducir la infección.",$300.00,10*15cm,700gr
DESECHABLE,,I19-1K-40A,RECOLECTOR PUNZOCORTANTE KINGDEN 1.8L,"Especial para objetos punzocortantes de residuos peligrosos biologico infecciosos. ""RPBI"" Capacidad: 1.8 Lt, Rojo, tapa de seguridad.",$49.00,18.5*8*10.5,68gr
DESECHABLE,,I130-1K-1,PORTA IMPRESION KINGDEN DUAL P/FLUOR VERDE CHICA C/50,"● Cucharilla doble para la aplicación de tratamientos de flúor, preformadas, permiten realizar al mismo tiempo el tratamiento en la arcada superior e inferior. 5.5x12cm largo",$120.00,34.5*22.4*2,49gr
DESECHABLE,,I130-1K-2,PORTA IMPRESION KINGDEN DUAL P/FLUOR AMARILLA MEDIANA C/50,"● Cucharilla doble para la aplicación de tratamientos de flúor, preformadas, permiten realizar al mismo tiempo el tratamiento en la arcada superior e inferior. 6x18cm largo",$120.00,34.5*22.4*2,46gr
DESECHABLE,,I130-1K-3,PORTA IMPRESION KINGDEN DUAL P/FLUOR AZUL GRANDE C/50,"● Cucharilla doble para la aplicación de tratamientos de flúor, preformadas, permiten realizar al mismo tiempo el tratamiento en la arcada superior e inferior. 7x19.4cm largo",$120.00,34.5*22.4*2,66gr
ACCESORIOS,,M37-1K-4,FLOSSERS KINGDEN SABORES C/50,● Palillos con hilo dental con sabores.,$70.00,7.4*5.7*10,81gr